mean_temperature,temperature_iqr,execution_time,emissivity,albedo
273.7916627397038,41.758651634354266,2.383091926574707,0.5,0.4
,,4.7698681354522705,0.4,0.4
,,4.781271696090698,0.4,0.5
,,4.799936056137085,0.4,0.6
273.7916627397038,41.758651634354266,2.4468789100646973,0.5,0.5
273.7916627397038,41.758651634354266,2.3360610008239746,0.5,0.6
,,4.620049953460693,0.6,0.4
,,4.629355192184448,0.6,0.5
,,4.65608024597168,0.6,0.6
